Url,Broken Destination URL,Anchor Text
https://z1studyabroad.com/countries/,https://z1studyabroad.com/wp/visapass/ourcountries/australia/,
https://z1studyabroad.com/countries/,https://z1studyabroad.com/wp/visapass/ourcountries/canada/,
https://z1studyabroad.com/countries/,https://z1studyabroad.com/wp/visapass/ourcountries/new-zealand/,
https://z1studyabroad.com/countries/,https://z1studyabroad.com/wp/visapass/ourcountries/switzerland/,
https://z1studyabroad.com/countries/,https://z1studyabroad.com/wp/visapass/ourcountries/united-kingdom/,
https://z1studyabroad.com/countries/,https://z1studyabroad.com/wp/visapass/ourcountries/united-states/,
https://z1studyabroad.com/ourservices/allied-services/,https://z1studyabroad.com/wp/visapass/services/,View More Requrements
https://z1studyabroad.com/ourservices/test-preparation/,https://z1studyabroad.com/wp/visapass/services/,View More Requrements
https://z1studyabroad.com/ourservices/course-country-university-selection/,https://z1studyabroad.com/wp/visapass/services/,View More Requrements
https://z1studyabroad.com/ourservices/application-admission/,https://z1studyabroad.com/wp/visapass/services/,View More Requrements
https://z1studyabroad.com/ourservices/scholarships/,https://z1studyabroad.com/wp/visapass/services/,View More Requrements
https://z1studyabroad.com/ourservices/internship/,https://z1studyabroad.com/wp/visapass/services/,View More Requrements
https://z1studyabroad.com/ourservices/education-loan/,https://z1studyabroad.com/wp/visapass/services/,View More Requrements
https://z1studyabroad.com/ourservices/visa-processing/,https://z1studyabroad.com/wp/visapass/services/,View More Requrements
https://z1studyabroad.com/ourservices/career-counselling/,https://z1studyabroad.com/wp/visapass/services/,View More Requrements
