Url,content_count_words
https://z1studyabroad.com/etn-speaker-category/,129
https://z1studyabroad.com/etn-tags/,127
https://z1studyabroad.com/etn_category/,127
https://z1studyabroad.com/countries/,173
https://z1studyabroad.com/thanks-you/,144
https://z1studyabroad.com/careers/,189
https://z1studyabroad.com/contact/,197
https://z1studyabroad.com/etn/,193
https://z1studyabroad.com/etn-schedule/2365-2/,127
https://z1studyabroad.com/etn_category/z1-overseas-education-events/,193
https://z1studyabroad.com/etn-speaker-category/organizer/,146
https://z1studyabroad.com/etn-speaker-category/speaker/,146
https://z1studyabroad.com/etn-speaker/,126
