Url,h1_count
https://z1studyabroad.com/etn-speaker-category/,0
https://z1studyabroad.com/etn-tags/,0
https://z1studyabroad.com/etn_category/,0
https://z1studyabroad.com/ourservices/test-preparation/,0
https://z1studyabroad.com/ourservices/course-country-university-selection/,0
https://z1studyabroad.com/ourservices/application-admission/,0
https://z1studyabroad.com/ourservices/scholarships/,0
https://z1studyabroad.com/ourservices/internship/,0
https://z1studyabroad.com/ourservices/education-loan/,0
https://z1studyabroad.com/ourservices/visa-processing/,0
https://z1studyabroad.com/ourservices/career-counselling/,0
https://z1studyabroad.com/etn/,0
https://z1studyabroad.com/etn/university-connect-abroad-education-fair/,0
https://z1studyabroad.com/etn-schedule/2365-2/,0
https://z1studyabroad.com/etn-speaker/,0
