Url,meta_description_length
https://z1studyabroad.com/etn-speaker-category/,0
https://z1studyabroad.com/etn-tags/,0
https://z1studyabroad.com/etn_category/,0
https://z1studyabroad.com/ourcountries/,0
https://z1studyabroad.com/ourservices/,0
https://z1studyabroad.com/etn/,0
https://z1studyabroad.com/etn/university-connect-abroad-education-fair/,0
https://z1studyabroad.com/etn-schedule/2365-2/,0
https://z1studyabroad.com/etn-speaker-category/organizer/,0
https://z1studyabroad.com/etn-speaker-category/speaker/,0
https://z1studyabroad.com/etn-speaker/,0
