Url,response_code
https://z1studyabroad.com/wp/visapass,404
https://z1studyabroad.com/wp/visapass/ourcountries/united-states/,404
https://z1studyabroad.com/wp/visapass/ourcountries/new-zealand/,404
https://z1studyabroad.com/wp/visapass/ourcountries/united-kingdom/,404
https://z1studyabroad.com/wp/visapass/ourcountries/switzerland/,404
https://z1studyabroad.com/wp/visapass/ourcountries/australia/,404
https://z1studyabroad.com/wp/visapass/ourcountries/canada/,404
https://z1studyabroad.com/wp/visapass/,404
https://z1studyabroad.com/wp/visapass/services/,404
